{
    "type": "APL",
    "version": "2023.3",
    "import": [
      {
        "name": "alexa-layouts",
        "version": "1.7.0"
      }
    ],
    "mainTemplate": {
      "parameters": ["payload"],
      "items": [
        {
          "type": "Container",
          "width": "100vw",
          "height": "100vh",
          "alignItems": "center",
          "justifyContent": "center",
          "backgroundColor": "#232f3e",
          "items": [
            {
              "type": "Container",
              "width": "100%",
              "height": "80%",
              "alignItems": "center",
              "justifyContent": "center",
              "items": [
                {
                  "type": "Container",
                  "width": "300dp",
                  "height": "300dp",
                  "items": [
                    {
                      "type": "VectorGraphic",
                      "id": "talkingFace",
                      "width": "100%",
                      "height": "100%",
                      "source": "faceVector",
                      "scale": "best-fit",
                      "align": "center"
                    }
                  ]
                }
              ]
            },
            {
              "type": "Text",
              "text": "${payload.data.message}",
              "fontSize": "24dp",
              "fontWeight": "bold",
              "color": "white",
              "textAlign": "center",
              "padding": "20dp",
              "wrap": true,
              "maxLines": 2
            }
          ]
        }
      ]
    },
    "graphics": {
      "faceVector": {
        "type": "AVG",
        "version": "1.2",
        "parameters": [
          {
            "name": "mouthOpen",
            "default": 0
          }
        ],
        "items": [
          {
            "type": "group",
            "items": [
              {
                "type": "circle",
                "fill": "#FFD700",
                "cx": "150",
                "cy": "150",
                "r": "100",
                "stroke": "#FFA500",
                "strokeWidth": "4"
              },
              {
                "type": "circle",
                "fill": "#000000",
                "cx": "110",
                "cy": "120",
                "r": "15"
              },
              {
                "type": "circle",
                "fill": "#000000",
                "cx": "190",
                "cy": "120",
                "r": "15"
              },
              {
                "type": "path",
                "fill": "#FF0000",
                "stroke": "#8B0000",
                "strokeWidth": "3",
                "pathData": "M100,180 Q150,${180 + mouthOpen} 200,180 Q150,${180 - mouthOpen} 100,180 Z"
              },
              {
                "type": "circle",
                "fill": "#FF8C00",
                "cx": "150",
                "cy": "150",
                "r": "8"
              }
            ]
          }
        ]
      }
    },
    "commands": {
      "AnimateMouth": {
        "parameters": [
          {
            "name": "isOpen",
            "type": "boolean"
          }
        ],
        "command": {
          "type": "SetValue",
          "componentId": "talkingFace",
          "property": "mouthOpen",
          "value": "${isOpen ? 20 : 0}"
        }
      }
    },
    "onMount": [
      {
        "type": "AnimateMouth",
        "isOpen": false
      }
    ]
  }