{
    "type": "APL",
    "version": "2023.3",
    "license": "Copyright 2024 Amazon.com, Inc. or its affiliates. All Rights Reserved.",
    "theme": "dark",
    "mainTemplate": {
      "parameters": [
        "payload"
      ],
      "items": [
        {
          "type": "Container",
          "width": "100vw",
          "height": "100vh",
          "direction": "column",
          "alignItems": "center",
          "justifyContent": "center",
          "items": [
            {
              "type": "Container",
              "width": "100%",
              "height": "80%",
              "alignItems": "center",
              "justifyContent": "center",
              "items": [
                {
                  "type": "Container",
                  "width": "200dp",
                  "height": "200dp",
                  "items": [
                    {
                      "type": "Container",
                      "width": "100%",
                      "height": "100%",
                      "borderRadius": "100dp",
                      "backgroundColor": "#FFD700",
                      "items": [
                        {
                          "type": "Container",
                          "position": "absolute",
                          "top": "50dp",
                          "left": "40dp",
                          "width": "40dp",
                          "height": "40dp",
                          "borderRadius": "20dp",
                          "backgroundColor": "#333"
                        },
                        {
                          "type": "Container",
                          "position": "absolute",
                          "top": "50dp",
                          "right": "40dp",
                          "width": "40dp",
                          "height": "40dp",
                          "borderRadius": "20dp",
                          "backgroundColor": "#333"
                        },
                        {
                          "type": "Container",
                          "position": "absolute",
                          "bottom": "50dp",
                          "left": "50dp",
                          "width": "100dp",
                          "height": "${payload.data.isSpeaking ? 30 : 10}dp",
                          "borderBottomLeftRadius": "50dp",
                          "borderBottomRightRadius": "50dp",
                          "backgroundColor": "#333",
                          "opacity": "${payload.data.isSpeaking ? 1 : 0.7}"
                        }
                      ]
                    }
                  ]
                }
              ]
            },
            {
              "type": "Container",
              "width": "100%",
              "height": "20%",
              "alignItems": "center",
              "justifyContent": "center",
              "items": [
                {
                  "type": "Text",
                  "text": "${payload.data.message}",
                  "fontSize": "20dp",
                  "color": "white",
                  "textAlign": "center"
                }
              ]
            }
          ]
        }
      ]
    }
  }