{
    "type": "APL",
    "version": "2024.1",
    "theme": "dark",
    "mainTemplate": {
      "parameters": [
        "payload"
      ],
      "items": [
        {
          "type": "Container",
          "width": "100vw",
          "height": "100vh",
          "direction": "column",
          "alignItems": "center",
          "justifyContent": "center",
          "items": [
            {
              "type": "Container",
              "width": "100%",
              "height": "80%",
              "alignItems": "center",
              "justifyContent": "center",
              "items": [
                {
                  "type": "Image",
                  "source": "${payload.data.faceImageUrl}",
                  "width": "200dp",
                  "height": "200dp"
                }
              ]
            },
            {
              "type": "Container",
              "width": "100%",
              "height": "20%",
              "alignItems": "center",
              "justifyContent": "center",
              "items": [
                {
                  "type": "Text",
                  "text": "${payload.data.message}",
                  "fontSize": "20dp",
                  "color": "white",
                  "textAlign": "center"
                }
              ]
            }
          ]
        }
      ]
    }
  }