{
  "type": "APL",
  "version": "2024.1",
  "import": [
    {
      "name": "alexa-layouts",
      "version": "1.7.0"
    }
  ],
  "mainTemplate": {
    "parameters": ["payload"],
    "items": [
      {
        "type": "Container",
        "width": "100vw",
        "height": "100vh",
        "alignItems": "center",
        "justifyContent": "center",
        "items": [
          {
            "type": "AlexaBackground",
            "backgroundColor": "#232f3e"
          },
          {
            "type": "Image",
            "source": "https://imagenesregresopasado.s3.eu-west-1.amazonaws.com/caraFeliz.png",
            "width": "300dp",
            "height": "300dp",
            "scale": "best-fit",
            "align": "center"
          },
          {
            "type": "Text",
            "text": "¡Bienvenidos/as a Regreso al Pasado!",
            "color": "white",
            "fontSize": "24dp",
            "fontWeight": "bold",
            "textAlign": "center",
            "marginTop": "20dp",
            "padding": "10dp",
            "wrap": true,
            "maxLines": 2
          }
        ]
      }
    ]
  }
}